FOV,spectral,camera,corr_before,mae_before,corr_affine,mae_affine,corr_affine_syn,mae_affine_syn
6,yellow,YFP,0.009018486092917314,16.902706146240234,-0.0031469587346279323,16.904844284057617,0.03814104480896853,16.859434127807617
