FOV,spectral,camera,corr_before,mae_before,corr_affine,mae_affine,corr_affine_syn,mae_affine_syn
2,blue,DAPI,0.003010284094695049,132.10372924804688,0.00672288916856458,132.24415588378906,0.051195933004959615,132.86180114746094
