FOV,spectral,camera,corr_before,mae_before,corr_affine,mae_affine,corr_affine_syn,mae_affine_syn,mean_displacement,max_displacement,std_displacement,median_displacement,pct_large_deformation,mean_jacobian,std_jacobian,min_jacobian,pct_folding
2,blue,DAPI,0.003010284094695049,132.10372924804688,0.003233040398264289,132.19830322265625,0.11256640569275858,134.2276611328125,0.23678041994571686,6.7367730140686035,0.39887019991874695,0.09826506674289703,0.0301361083984375,0.999991774559021,0.05920109525322914,0.3354014456272125,0.0
