FOV,spectral,camera,corr_before,mae_before,corr_affine,mae_affine,corr_affine_syn,mae_affine_syn
6,green,FITC,0.004957502368715997,151.5095977783203,-0.0012943589958821463,151.41891479492188,0.8752207962102749,149.62391662597656
