FOV,pair,final_method,final_inlier_pct_10px,median_error_px_final,PASS
1,blue->DAPI,affine,94.44444444444444,1.8025080635278536,YES
1,green->FITC,affine,100.0,0.8751868821027948,YES
1,yellow->YFP,affine,95.65217391304348,1.3194499428350757,YES
1,red->TRITC,affine,100.0,1.5398744786150709,YES
3,yellow->YFP,affine,100.0,2.348500013714892,YES
5,red->TRITC,affine,10.256410256410255,35.75181301180249,NO
