FOV,spectral,camera,num_beads_fixed,num_beads_moving,num_beads_matched,corr_before,mae_before,corr_affine,mae_affine,corr_improvement_affine,corr_syn,mae_syn,corr_improvement_syn
1,blue,DAPI,17,17,6,-0.0020361028,139.7024688720703,0.188027,142.06285095214844,0.1900631,0.26908994,163.6734161376953,0.08106294
1,green,FITC,21,19,6,-0.0006946361,143.53277587890625,0.81578714,142.5751190185547,0.81648177,0.93223363,144.19577026367188,0.116446495
1,yellow,YFP,21,18,8,-0.0018632659,15.228832244873047,0.74071175,14.926360130310059,0.742575,0.0007320208,15.85037612915039,-0.73997974
1,red,TRITC,21,19,6,0.0016773257,636.6576538085938,0.58037025,583.7744750976562,0.5786929,0.021527149,16.902359008789062,-0.5588431
3,yellow,YFP,18,15,4,-0.0025313457,15.77011489868164,0.46694937,15.699562072753906,0.46948072,0.89577085,16.564254760742188,0.42882147
5,red,TRITC,33,32,4,-0.000367105,683.497802734375,0.042912774,662.3565063476562,0.04327988,0.08885914,16.450912475585938,0.045946367
