FOV,spectral,camera,num_beads_fixed,num_beads_moving,num_beads_matched,corr_before,mae_before,corr_affine,mae_affine,corr_improvement_affine,corr_syn,mae_syn,corr_improvement_syn
1,blue,DAPI,17,17,6,-0.0020361028,139.7024688720703,0.188027,142.06285095214844,0.1900631,0.18190104,163.67422485351562,-0.006125957
1,green,FITC,21,19,6,-0.0006946361,143.53277587890625,0.81578714,142.5751190185547,0.81648177,0.0010183054,144.196044921875,-0.81476885
1,yellow,YFP,21,18,8,-0.0018632659,15.228832244873047,0.74071175,14.926360130310059,0.742575,0.059536036,15.850434303283691,-0.6811757
1,red,TRITC,21,19,6,0.0016773257,636.6576538085938,0.58037025,583.7744750976562,0.5786929,0.02468539,16.90193748474121,-0.55568486
3,yellow,YFP,18,15,4,-0.0025313457,15.77011489868164,0.46694937,15.699562072753906,0.46948072,0.0007675221,16.564504623413086,-0.46618184
5,red,TRITC,33,32,4,-0.000367105,683.497802734375,0.042912774,662.3565063476562,0.04327988,0.09056779,16.450597763061523,0.047655016
