FOV,spectral,camera,corr_before,mae_before,corr_affine,mae_affine,corr_affine_syn,mae_affine_syn
5,yellow,YFP,0.016555785703679396,16.71725082397461,7.896705604088706e-05,16.76515769958496,0.06720462340684025,16.71238136291504
