FOV,spectral,camera,corr_before,mae_before,corr_affine,mae_affine,corr_affine_syn,mae_affine_syn
6,blue,DAPI,0.0074165709222887115,113.34667,0.016473643156154405,113.53871,0.06894740732134033,114.69511
