FOV,pair,status,dice_before,dice_after,dice_delta
4,red->TRITC,OK,0.016335227272727272,0.03628601921024546,0.01995079193751819
