FOV,spectral,camera,corr_before,mae_before,corr_affine,mae_affine,corr_affine_syn,mae_affine_syn
5,green,FITC,0.0002728238796425553,150.30096435546875,-0.0017036001533788626,150.24224853515625,0.5752274383039384,149.27976989746094
