FOV,spectral,camera,corr_before,mae_before,corr_affine,mae_affine,corr_affine_syn,mae_affine_syn,mean_displacement,max_displacement,std_displacement,median_displacement,pct_large_deformation,mean_jacobian,std_jacobian,min_jacobian,pct_folding
5,green,FITC,0.0002728238796425553,150.30096435546875,-0.0013888113508949119,150.2501220703125,0.09495891340913247,149.97067260742188,0.112593874335289,9.173687934875488,0.4573856592178345,0.0020511727780103683,0.23040771484375,1.0000003576278687,0.03773163631558418,0.5378724932670593,0.0
