FOV,spectral,camera,corr_before,mae_before,corr_affine,mae_affine,corr_affine_syn,mae_affine_syn
1,red,TRITC,0.0016773260733666858,636.6576538085938,0.013468989904288797,614.4990234375,0.0476196804224252,607.3609619140625
