FOV,spectral,camera,corr_before,mae_before,corr_affine,mae_affine,corr_affine_syn,mae_affine_syn,mean_displacement,max_displacement,std_displacement,median_displacement,pct_large_deformation,mean_jacobian,std_jacobian,min_jacobian,pct_folding
1,red,TRITC,0.0016773260733666858,636.6576538085938,0.01240671484879236,617.1502685546875,0.04914716874189674,609.7630004882812,0.15918004512786865,7.172046661376953,0.5101369619369507,0.008703215047717094,0.14190673828125,0.9999978542327881,0.04434332624077797,0.5230502486228943,0.0
