FOV,spectral,camera,corr_before,mae_before,corr_affine,mae_affine,corr_affine_syn,mae_affine_syn,mean_displacement,max_displacement,std_displacement,median_displacement,pct_large_deformation,mean_jacobian,std_jacobian,min_jacobian,pct_folding
5,blue,DAPI,-0.0018402848005881936,117.35792541503906,0.007262856736557096,117.48223114013672,0.05463863072964044,117.75675964355469,0.27525854110717773,7.993377685546875,0.47745054960250854,0.1070016399025917,0.0942230224609375,0.9999758005142212,0.05293925851583481,0.3461000919342041,0.0
