FOV,spectral,camera,corr_before,mae_before,corr_affine,mae_affine,corr_affine_syn,mae_affine_syn
5,blue,DAPI,-0.0018402848005881936,117.35792541503906,0.005187082860759041,117.61170196533203,0.08132825113248467,118.84390258789062
