FOV,spectral,camera,corr_before,mae_before,corr_affine,mae_affine,corr_affine_syn,mae_affine_syn
4,yellow,YFP,-0.0004055919162921741,15.717151641845703,0.013331314586655818,15.695605278015137,0.04147625664225354,15.672181129455566
