FOV,spectral,camera,corr_before,mae_before,corr_affine,mae_affine,corr_affine_syn,mae_affine_syn,mean_displacement,max_displacement,std_displacement,median_displacement,pct_large_deformation,mean_jacobian,std_jacobian,min_jacobian,pct_folding
6,red,TRITC,-0.00022144386485054157,803.0240478515625,0.01040933711169199,790.4380493164062,0.05800568075699823,781.3357543945312,0.13440094888210297,5.57139253616333,0.348660409450531,0.014184381812810898,0.0125885009765625,1.0000028610229492,0.03632606193423271,0.485323041677475,0.0
