FOV,spectral,camera,corr_before,mae_before,corr_affine,mae_affine,corr_affine_syn,mae_affine_syn
6,red,TRITC,-0.00022144386485054157,803.0240478515625,-0.003454305084923048,797.934326171875,0.06505548910465347,788.4332885742188
