FOV,spectral,camera,corr_before,mae_before,corr_affine,mae_affine,corr_affine_syn,mae_affine_syn
2,red,TRITC,-0.004711872264120555,613.8258056640625,-0.005068644708819941,598.0809326171875,0.0150603758270927,592.19482421875
