FOV,spectral,camera,corr_before,mae_before,corr_affine,mae_affine,corr_affine_syn,mae_affine_syn,mean_displacement,max_displacement,std_displacement,median_displacement,pct_large_deformation,mean_jacobian,std_jacobian,min_jacobian,pct_folding
1,green,FITC,-0.000694636148325912,143.53277587890625,-0.0004602756351194027,143.55087280273438,-0.002328131042466196,143.48025512695312,0.07306025177240372,8.05831241607666,0.2508125305175781,0.005003978963941336,0.04425048828125,1.0000009536743164,0.03386342152953148,0.4503992199897766,0.0
