FOV,spectral,camera,corr_before,mae_before,corr_affine,mae_affine,corr_affine_syn,mae_affine_syn
1,green,FITC,-0.000694636148325912,143.53277587890625,0.0008960870458037053,143.5667724609375,0.05867998489552142,143.41067504882812
