FOV,pair,status,dice_before,dice_after,dice_delta
6,green->FITC,OK,0.025302220972729828,0.0034453057708871662,-0.02185691520184266
