FOV,spectral,camera,corr_before,mae_before,corr_affine,mae_affine,corr_affine_syn,mae_affine_syn
3,yellow,YFP,-0.0025313457062423094,15.77011489868164,-0.0007714486922322369,15.804579734802246,-0.0009115323370156845,15.887004852294922
