FOV,spectral,camera,corr_before,mae_before,corr_affine,mae_affine,corr_affine_syn,mae_affine_syn,mean_displacement,max_displacement,std_displacement,median_displacement,pct_large_deformation,mean_jacobian,std_jacobian,min_jacobian,pct_folding
3,yellow,YFP,-0.0025313457062423094,15.77011489868164,-0.0009518505539107987,15.801716804504395,-0.0012520213900371366,16.04998207092285,0.20496654510498047,5.614992141723633,0.4973181486129761,0.042787350714206696,0.023651123046875,1.0000008344650269,0.08304677158594131,0.20951178669929504,0.0
