FOV,spectral,camera,corr_before,mae_before,corr_affine,mae_affine,corr_affine_syn,mae_affine_syn
4,blue,DAPI,-0.004046730533833657,121.47233581542969,0.009513723505750214,121.64883422851562,0.03571019506141132,122.0396957397461
