FOV,spectral,camera,corr_before,mae_before,corr_affine,mae_affine,corr_affine_syn,mae_affine_syn
1,blue,DAPI,-0.002036103300608257,139.7024688720703,0.00955601453130874,139.73779296875,0.048249278757966724,140.45849609375
