FOV,spectral,camera,corr_before,mae_before,corr_affine,mae_affine,corr_affine_syn,mae_affine_syn
3,green,FITC,-0.001268713563466077,146.6204833984375,-0.00017608349438302177,146.61111450195312,0.06076510423183743,146.55653381347656
