FOV,pair,status,dice_before,dice_after,dice_delta
5,red->TRITC,OK,0.0057156465825196475,0.009097438352884846,0.003381791770365198
