FOV,pair,status,dice_before,dice_after,dice_delta
6,red->TRITC,OK,0.0101931330472103,0.010804970286331712,0.0006118372391214124
