FOV,spectral,camera,corr_before,mae_before,corr_affine,mae_affine,corr_affine_syn,mae_affine_syn,mean_displacement,max_displacement,std_displacement,median_displacement,pct_large_deformation,mean_jacobian,std_jacobian,min_jacobian,pct_folding
4,red,TRITC,0.040120067647397055,595.4857788085938,0.03865729329562099,594.2233276367188,0.04571241568788943,587.5211181640625,0.06620202213525772,4.283079147338867,0.21887344121932983,0.0050245774909853935,0.0,0.9999988079071045,0.025768358260393143,0.386308878660202,0.0
