FOV,spectral,camera,corr_before,mae_before,corr_affine,mae_affine,corr_affine_syn,mae_affine_syn
4,red,TRITC,0.040120067647397055,595.4857788085938,0.011812063961538414,578.9557495117188,0.0363537065689281,570.5220947265625
