FOV,spectral,camera,corr_before,mae_before,corr_affine,mae_affine,corr_affine_syn,mae_affine_syn
2,green,FITC,-0.0011560768788743104,146.70382690429688,-0.0013112453994070582,146.63218688964844,-0.001077162213904592,147.47235107421875
