FOV,spectral,camera,corr_before,mae_before,corr_affine,mae_affine,corr_affine_syn,mae_affine_syn
2,yellow,YFP,0.0005482449686676427,15.967140197753906,-0.0020268705817132904,16.00092887878418,-0.0020548955136311903,16.688901901245117
