FOV,spectral,camera,corr_before,mae_before,corr_affine,mae_affine,corr_affine_syn,mae_affine_syn,mean_displacement,max_displacement,std_displacement,median_displacement,pct_large_deformation,mean_jacobian,std_jacobian,min_jacobian,pct_folding
2,yellow,YFP,0.0005482449686676427,15.967140197753906,-0.0016340100568660327,15.997099876403809,-0.0016547708912350834,16.5756778717041,0.22829318046569824,6.438554286956787,0.5623524785041809,0.006569269113242626,0.1010894775390625,0.9999978542327881,0.10848458111286163,0.23928745090961456,0.0
