FOV,spectral,camera,corr_before,mae_before,corr_affine,mae_affine,corr_affine_syn,mae_affine_syn
6,blue,DAPI,0.0074165709222887115,113.34667205810547,0.012283790892847177,113.46844482421875,0.0674440594696105,114.3018569946289
