FOV,pair,status,dice_before,dice_after,dice_delta
5,green->FITC,OK,0.009141207601635795,0.016132974822781716,0.0069917672211459204
