FOV,pair,status,dice_before,dice_after,dice_delta
4,green->FITC,OK,0.02031316123571731,0.02750322303394929,0.007190061798231982
